,Precisión Global,Error Global,Diabetes,PN
arboles,0.8877551020408163,0.11224489795918369,0.6,0.9615384615384616
KNN,0.8775510204081632,0.12244897959183676,0.65,0.9358974358974359
