,Precisión Global,Error Global,PN,PP
arboles,0.6898608349900597,0.3101391650099403,0.8511326860841424,0.4329896907216495
KNN,0.6441351888667992,0.3558648111332008,0.7605177993527508,0.4587628865979381
